t,x,y,ref_x,ref_y,err,v,w,voltage,current,percentage
0.017,-0.0001,0.0126,0.0000,0.0126,0.0001,0.063,1.200,12.110,0.000,89.440
0.074,-0.0001,0.0126,0.0000,0.0126,0.0001,0.063,1.200,12.110,0.000,89.440
0.116,-0.0001,0.0126,0.0000,0.0126,0.0001,0.063,1.200,12.040,0.000,85.550
0.175,-0.0000,0.0113,0.0000,0.0113,0.0000,0.063,1.200,12.060,0.000,86.660
0.220,0.0001,0.0091,0.0000,0.0091,0.0001,0.063,1.200,12.080,0.000,87.770
0.282,0.0007,0.0053,0.0000,0.0053,0.0007,0.064,1.200,12.060,0.000,86.660
0.327,0.0012,0.0027,0.0000,0.0027,0.0012,0.064,1.200,12.060,0.000,86.660
0.372,0.0022,-0.0011,0.0022,0.0000,0.0011,0.065,1.200,12.080,0.000,87.770
0.415,0.0030,-0.0036,0.0030,0.0000,0.0036,0.065,1.200,12.060,0.000,86.660
0.479,0.0040,-0.0062,0.0040,0.0000,0.0062,0.067,1.200,12.080,0.000,87.770
0.519,0.0056,-0.0094,0.0056,0.0000,0.0094,0.068,1.200,12.080,0.000,87.770
0.567,0.0068,-0.0119,0.0068,0.0000,0.0119,0.068,1.200,12.060,0.000,86.660
0.626,0.0081,-0.0140,0.0081,0.0000,0.0140,0.072,1.200,12.080,0.000,87.770
0.673,0.0104,-0.0172,0.0104,0.0000,0.0172,0.074,1.200,12.060,0.000,86.660
0.714,0.0119,-0.0192,0.0119,0.0000,0.0192,0.074,1.200,12.040,0.000,85.550
0.777,0.0136,-0.0212,0.0136,0.0000,0.0212,0.080,1.130,12.080,0.000,87.770
0.819,0.0167,-0.0244,0.0167,0.0000,0.0244,0.082,1.096,12.060,0.000,86.660
0.879,0.0188,-0.0263,0.0188,0.0000,0.0263,0.085,1.057,12.080,0.000,87.770
0.923,0.0212,-0.0282,0.0212,0.0000,0.0282,0.091,0.993,12.060,0.000,86.660
0.969,0.0248,-0.0308,0.0248,0.0000,0.0308,0.094,0.957,12.080,0.000,87.770
1.015,0.0277,-0.0327,0.0277,0.0000,0.0327,0.094,0.957,12.080,0.000,87.770
1.076,0.0307,-0.0344,0.0307,0.0000,0.0344,0.106,0.853,12.080,0.000,87.770
1.118,0.0359,-0.0371,0.0359,0.0000,0.0371,0.110,0.819,12.060,0.000,86.660
1.176,0.0394,-0.0388,0.0394,0.0000,0.0388,0.115,0.780,12.080,0.000,87.770
1.222,0.0430,-0.0402,0.0430,0.0000,0.0402,0.125,0.721,12.080,0.000,87.770
1.270,0.0489,-0.0424,0.0489,0.0000,0.0424,0.130,0.690,12.080,0.000,87.770
1.319,0.0532,-0.0438,0.0532,0.0000,0.0438,0.137,0.656,12.080,0.000,87.770
1.373,0.0577,-0.0450,0.0577,0.0000,0.0450,0.149,0.604,12.080,0.000,87.770
1.421,0.0651,-0.0468,0.0651,0.0000,0.0468,0.156,0.578,12.080,0.000,87.770
1.482,0.0705,-0.0480,0.0705,0.0000,0.0480,0.170,0.531,12.080,0.000,87.770
1.521,0.0789,-0.0494,0.0789,0.0000,0.0494,0.178,0.505,12.090,0.000,88.330
1.569,0.0849,-0.0503,0.0849,0.0000,0.0503,0.180,0.479,12.060,0.000,86.660
1.627,0.0912,-0.0511,0.0912,0.0000,0.0511,0.180,0.437,12.060,0.000,86.660
1.670,0.1014,-0.0520,0.1014,0.0000,0.0520,0.180,0.415,12.060,0.000,86.660
1.722,0.1087,-0.0525,0.1087,0.0000,0.0525,0.180,0.392,12.060,0.000,86.660
1.777,0.1163,-0.0529,0.1163,0.0000,0.0529,0.180,0.356,12.060,0.000,86.660
1.818,0.1275,-0.0532,0.1275,0.0000,0.0532,0.180,0.335,12.080,0.000,87.770
1.870,0.1354,-0.0533,0.1354,0.0000,0.0533,0.180,0.312,12.080,0.000,87.770
1.925,0.1430,-0.0533,0.1430,0.0000,0.0533,0.180,0.279,12.060,0.000,86.660
1.978,0.1545,-0.0530,0.1545,0.0000,0.0530,0.180,0.258,12.080,0.000,87.770
2.016,0.1623,-0.0526,0.1623,0.0000,0.0526,0.180,0.258,12.080,0.000,87.770
2.076,0.1699,-0.0522,0.1699,0.0000,0.0522,0.180,0.208,12.060,0.000,86.660
2.118,0.1817,-0.0514,0.1817,0.0000,0.0514,0.180,0.187,12.060,0.000,86.660
2.180,0.1890,-0.0508,0.1890,0.0000,0.0508,0.180,0.171,12.080,0.000,87.770
2.223,0.1969,-0.0501,0.1969,0.0000,0.0501,0.180,0.148,12.080,0.000,87.770
2.270,0.2083,-0.0489,0.2083,0.0000,0.0489,0.180,0.131,12.060,0.000,86.660
2.316,0.2158,-0.0481,0.2158,0.0000,0.0481,0.180,0.131,12.040,0.000,85.550
2.374,0.2234,-0.0472,0.2234,0.0000,0.0472,0.180,0.098,12.060,0.000,86.660
2.419,0.2346,-0.0458,0.2346,0.0000,0.0458,0.180,0.083,12.060,0.000,86.660
2.476,0.2424,-0.0447,0.2424,0.0000,0.0447,0.180,0.071,12.060,0.000,86.660
2.522,0.2501,-0.0437,0.2501,0.0000,0.0437,0.180,0.057,12.060,0.000,86.660
2.571,0.2615,-0.0421,0.2615,0.0000,0.0421,0.180,0.044,12.040,0.000,85.550
2.615,0.2691,-0.0411,0.2691,0.0000,0.0411,0.180,0.044,12.060,0.000,86.660
2.673,0.2768,-0.0400,0.2768,0.0000,0.0400,0.180,0.024,12.060,0.000,86.660
2.716,0.2880,-0.0383,0.2880,0.0000,0.0383,0.180,0.024,12.060,0.000,86.660
2.775,0.2958,-0.0372,0.2958,0.0000,0.0372,0.180,0.005,12.060,0.000,86.660
2.848,0.3032,-0.0361,0.3032,0.0000,0.0361,0.180,0.005,12.040,0.000,85.550
2.868,0.3145,-0.0344,0.3145,0.0000,0.0344,0.180,-0.012,12.080,0.000,87.770
2.916,0.3222,-0.0333,0.3222,0.0000,0.0333,0.180,-0.012,12.080,0.000,87.770
2.973,0.3295,-0.0322,0.3295,0.0000,0.0322,0.180,-0.024,12.060,0.000,86.660
3.015,0.3411,-0.0305,0.3411,0.0000,0.0305,0.180,-0.024,12.060,0.000,86.660
3.075,0.3490,-0.0294,0.3490,0.0000,0.0294,0.180,-0.040,12.060,0.000,86.660
3.119,0.3565,-0.0283,0.3565,0.0000,0.0283,0.180,-0.045,12.040,0.000,85.550
3.169,0.3680,-0.0266,0.3680,0.0000,0.0266,0.180,-0.052,12.060,0.000,86.660
3.227,0.3758,-0.0255,0.3758,0.0000,0.0255,0.180,-0.055,12.040,0.000,85.550
3.275,0.3872,-0.0239,0.3872,0.0000,0.0239,0.180,-0.064,12.040,0.000,85.550
3.316,0.3946,-0.0229,0.3946,0.0000,0.0229,0.180,-0.064,12.040,0.000,85.550
3.377,0.4022,-0.0218,0.4022,0.0000,0.0218,0.180,-0.067,12.060,0.000,86.660
3.419,0.4135,-0.0203,0.4135,0.0000,0.0203,0.180,-0.072,12.040,0.000,85.550
3.468,0.4210,-0.0193,0.4210,0.0000,0.0193,0.180,-0.075,12.060,0.000,86.660
3.525,0.4286,-0.0184,0.4286,0.0000,0.0184,0.180,-0.074,12.040,0.000,85.550
3.571,0.4400,-0.0169,0.4400,0.0000,0.0169,0.180,-0.078,12.060,0.000,86.660
3.618,0.4476,-0.0160,0.4476,0.0000,0.0160,0.180,-0.079,12.040,0.000,85.550
3.676,0.4554,-0.0151,0.4554,0.0000,0.0151,0.180,-0.076,12.040,0.000,85.550
3.718,0.4669,-0.0138,0.4669,0.0000,0.0138,0.180,-0.078,12.060,0.000,86.660
3.777,0.4744,-0.0130,0.4744,0.0000,0.0130,0.180,-0.078,12.040,0.000,85.550
3.824,0.4822,-0.0122,0.4822,0.0000,0.0122,0.180,-0.074,12.040,0.000,85.550
3.871,0.4937,-0.0111,0.4937,0.0000,0.0111,0.180,-0.075,12.040,0.000,85.550
3.916,0.5011,-0.0104,0.5011,0.0000,0.0104,0.180,-0.075,12.040,0.000,85.550
3.979,0.5089,-0.0097,0.5089,0.0000,0.0097,0.180,-0.071,12.060,0.000,86.660
4.018,0.5202,-0.0087,0.5202,0.0000,0.0087,0.180,-0.073,12.040,0.000,85.550
4.081,0.5277,-0.0080,0.5277,0.0000,0.0080,0.180,-0.072,12.020,0.000,84.440
4.126,0.5354,-0.0074,0.5354,0.0000,0.0074,0.180,-0.068,12.040,0.000,85.550
4.170,0.5469,-0.0066,0.5469,0.0000,0.0066,0.180,-0.069,12.060,0.000,86.660
4.215,0.5548,-0.0060,0.5548,0.0000,0.0060,0.180,-0.069,12.060,0.000,86.660
4.276,0.5624,-0.0054,0.5624,0.0000,0.0054,0.180,-0.067,12.040,0.000,85.550
4.316,0.5739,-0.0047,0.5739,0.0000,0.0047,0.180,-0.067,12.060,0.000,86.660
4.376,0.5818,-0.0042,0.5818,0.0000,0.0042,0.180,-0.069,12.040,0.000,85.550
4.422,0.5894,-0.0037,0.5894,0.0000,0.0037,0.180,-0.066,12.040,0.000,85.550
4.466,0.6007,-0.0030,0.6007,0.0000,0.0030,0.180,-0.066,12.060,0.000,86.660
4.515,0.6084,-0.0026,0.6084,0.0000,0.0026,0.180,-0.066,12.060,0.000,86.660
4.575,0.6161,-0.0022,0.6161,0.0000,0.0022,0.180,-0.061,12.040,0.000,85.550
4.616,0.6274,-0.0016,0.6274,0.0000,0.0016,0.180,-0.061,12.060,0.000,86.660
4.677,0.6351,-0.0012,0.6351,0.0000,0.0012,0.180,-0.058,12.060,0.000,86.660
4.720,0.6429,-0.0009,0.6429,0.0000,0.0009,0.180,-0.053,12.040,0.000,85.550
4.769,0.6544,-0.0005,0.6544,0.0000,0.0005,0.180,-0.051,12.080,0.000,87.770
4.814,0.6622,-0.0002,0.6622,0.0000,0.0002,0.180,-0.051,12.060,0.000,86.660
4.874,0.6698,0.0001,0.6698,0.0000,0.0001,0.180,-0.044,12.080,0.000,87.770
4.913,0.6814,0.0004,0.6814,0.0000,0.0004,0.180,-0.044,12.060,0.000,86.660
4.978,0.6892,0.0006,0.6892,0.0000,0.0006,0.180,-0.040,12.060,0.000,86.660
5.019,0.7007,0.0009,0.7007,0.0000,0.0009,0.180,-0.038,12.060,0.000,86.660
5.066,0.7082,0.0010,0.7082,0.0000,0.0010,0.180,-0.038,12.060,0.000,86.660
5.128,0.7160,0.0012,0.7160,0.0000,0.0012,0.180,-0.034,12.060,0.000,86.660
5.186,0.7274,0.0014,0.7274,0.0000,0.0014,0.180,-0.033,12.060,0.000,86.660
5.237,0.7348,0.0015,0.7348,0.0000,0.0015,0.180,-0.031,12.060,0.000,86.660
5.304,0.7427,0.0016,0.7427,0.0000,0.0016,0.180,-0.031,12.060,0.000,86.660
5.323,0.7542,0.0018,0.7542,0.0000,0.0018,0.180,-0.029,12.060,0.000,86.660
5.368,0.7617,0.0019,0.7617,0.0000,0.0019,0.180,-0.027,12.080,0.000,87.770
5.422,0.7696,0.0020,0.7696,0.0000,0.0020,0.180,-0.027,12.060,0.000,86.660
5.473,0.7812,0.0021,0.7812,0.0000,0.0021,0.180,-0.028,12.060,0.000,86.660
5.518,0.7887,0.0022,0.7887,0.0000,0.0022,0.180,-0.027,12.040,0.000,85.550
5.575,0.7965,0.0022,0.7965,0.0000,0.0022,0.180,-0.026,12.060,0.000,86.660
5.622,0.8081,0.0023,0.8081,0.0000,0.0023,0.180,-0.026,12.060,0.000,86.660
5.677,0.8156,0.0024,0.8156,0.0000,0.0024,0.180,-0.024,12.040,0.000,85.550
5.723,0.8233,0.0024,0.8233,0.0000,0.0024,0.180,-0.022,12.080,0.000,87.770
5.770,0.8349,0.0025,0.8349,0.0000,0.0025,0.180,-0.021,12.060,0.000,86.660
5.815,0.8424,0.0025,0.8424,0.0000,0.0025,0.180,-0.021,12.040,0.000,85.550
5.875,0.8501,0.0025,0.8501,0.0000,0.0025,0.180,-0.014,12.080,0.000,87.770
5.914,0.8618,0.0025,0.8618,0.0000,0.0025,0.180,-0.014,12.060,0.000,86.660
5.976,0.8695,0.0025,0.8695,0.0000,0.0025,0.180,-0.009,12.060,0.000,86.660
6.026,0.8770,0.0025,0.8770,0.0000,0.0025,0.180,-0.008,12.080,0.000,87.770
6.070,0.8886,0.0024,0.8886,0.0000,0.0024,0.180,-0.006,12.060,0.000,86.660
6.129,0.8964,0.0024,0.8964,0.0000,0.0024,0.180,-0.006,12.040,0.000,85.550
6.177,0.9074,0.0023,0.9074,0.0000,0.0023,0.180,-0.004,12.040,0.000,85.550
6.215,0.9151,0.0023,0.9151,0.0000,0.0023,0.180,-0.004,12.040,0.000,85.550
6.277,0.9228,0.0022,0.9228,0.0000,0.0022,0.180,-0.002,12.060,0.000,86.660
6.320,0.9342,0.0021,0.9342,0.0000,0.0021,0.180,-0.002,12.040,0.000,85.550
6.377,0.9414,0.0021,0.9414,0.0000,0.0021,0.180,-0.001,12.040,0.000,85.550
6.422,0.9490,0.0020,0.9490,0.0000,0.0020,0.180,-0.001,12.040,0.000,85.550
6.468,0.9605,0.0019,0.9605,0.0000,0.0019,0.180,-0.001,12.040,0.000,85.550
6.527,0.9678,0.0019,0.9678,0.0000,0.0019,0.180,-0.001,12.040,0.000,85.550
6.571,0.9794,0.0018,0.9794,0.0000,0.0018,0.180,-0.001,12.060,0.000,86.660
6.616,0.9871,0.0018,0.9871,0.0000,0.0018,0.180,-0.001,12.040,0.000,85.550
6.681,0.9948,0.0017,0.9948,0.0000,0.0017,0.180,-0.003,12.040,0.000,85.550
6.719,1.0063,0.0017,1.0063,0.0000,0.0017,0.180,-0.003,12.060,0.000,86.660
6.768,1.0141,0.0016,1.0141,0.0000,0.0016,0.180,-0.004,12.040,0.000,85.550
6.824,1.0216,0.0016,1.0216,0.0000,0.0016,0.180,-0.003,12.040,0.000,85.550
6.873,1.0332,0.0016,1.0332,0.0000,0.0016,0.180,-0.002,12.040,0.000,85.550
6.916,1.0409,0.0015,1.0409,0.0000,0.0015,0.180,-0.002,12.040,0.000,85.550
6.976,1.0484,0.0015,1.0484,0.0000,0.0015,0.180,-0.001,12.040,0.000,85.550
7.017,1.0600,0.0014,1.0600,0.0000,0.0014,0.180,0.001,12.040,0.000,85.550
7.067,1.0678,0.0014,1.0678,0.0000,0.0014,0.180,0.001,12.040,0.000,85.550
7.126,1.0755,0.0013,1.0755,0.0000,0.0013,0.180,0.004,12.040,0.000,85.550
7.170,1.0870,0.0012,1.0870,0.0000,0.0012,0.180,0.005,12.060,0.000,86.660
7.218,1.0948,0.0011,1.0948,0.0000,0.0011,0.180,0.006,12.060,0.000,86.660
7.276,1.1025,0.0011,1.1025,0.0000,0.0011,0.180,0.007,12.080,0.000,87.770
7.336,1.1139,0.0010,1.1139,0.0000,0.0010,0.180,0.008,12.060,0.000,86.660
7.377,1.1216,0.0009,1.1216,0.0000,0.0009,0.180,0.009,12.060,0.000,86.660
7.424,1.1293,0.0008,1.1293,0.0000,0.0008,0.180,0.010,12.040,0.000,85.550
7.470,1.1407,0.0007,1.1407,0.0000,0.0007,0.180,0.011,12.040,0.000,85.550
7.514,1.1483,0.0006,1.1483,0.0000,0.0006,0.180,0.011,12.060,0.000,86.660
7.575,1.1560,0.0005,1.1560,0.0000,0.0005,0.180,0.012,12.060,0.000,86.660
7.615,1.1674,0.0004,1.1674,0.0000,0.0004,0.180,0.012,12.060,0.000,86.660
7.666,1.1752,0.0003,1.1752,0.0000,0.0003,0.180,0.011,12.080,0.000,87.770
7.723,1.1829,0.0003,1.1829,0.0000,0.0003,0.180,0.009,12.060,0.000,86.660
7.770,1.1945,0.0002,1.1945,0.0000,0.0002,0.180,0.008,12.060,0.000,86.660
7.818,1.2021,0.0002,1.2021,0.0000,0.0002,0.180,0.007,12.060,0.000,86.660
7.876,1.2099,0.0001,1.2099,0.0000,0.0001,0.180,0.006,12.040,0.000,85.550
7.919,1.2215,0.0001,1.2215,0.0000,0.0001,0.180,0.005,12.060,0.000,86.660
7.976,1.2290,0.0000,1.2290,0.0000,0.0000,0.180,0.006,12.060,0.000,86.660
8.020,1.2368,0.0000,1.2368,0.0000,0.0000,0.180,0.007,12.060,0.000,86.660
8.068,1.2484,-0.0001,1.2484,0.0000,0.0001,0.180,0.007,12.060,0.000,86.660
8.115,1.2558,-0.0001,1.2558,0.0000,0.0001,0.180,0.007,12.060,0.000,86.660
8.173,1.2636,-0.0001,1.2636,0.0000,0.0001,0.180,0.011,12.060,0.000,86.660
8.215,1.2753,-0.0002,1.2753,0.0000,0.0002,0.180,0.011,12.060,0.000,86.660
8.280,1.2828,-0.0003,1.2828,0.0000,0.0003,0.180,0.013,12.060,0.000,86.660
8.320,1.2944,-0.0004,1.2944,0.0000,0.0004,0.180,0.015,12.060,0.000,86.660
8.369,1.3022,-0.0005,1.3022,0.0000,0.0005,0.180,0.015,12.040,0.000,85.550
8.429,1.3099,-0.0005,1.3099,0.0000,0.0005,0.180,0.015,12.060,0.000,86.660
8.471,1.3213,-0.0006,1.3213,0.0000,0.0006,0.180,0.016,12.060,0.000,86.660
8.515,1.3290,-0.0007,1.3290,0.0000,0.0007,0.180,0.016,12.060,0.000,86.660
8.618,1.3367,-0.0007,1.3367,0.0000,0.0007,0.180,0.017,12.060,0.000,86.660
8.620,1.3481,-0.0008,1.3481,0.0000,0.0008,0.180,0.017,12.060,0.000,86.660
8.683,1.3557,-0.0009,1.3557,0.0000,0.0009,0.180,0.017,12.060,0.000,86.660
8.747,1.3634,-0.0010,1.3634,0.0000,0.0010,0.180,0.017,12.060,0.000,86.660
8.769,1.3749,-0.0010,1.3749,0.0000,0.0010,0.180,0.016,12.060,0.000,86.660
8.815,1.3825,-0.0011,1.3825,0.0000,0.0011,0.180,0.016,12.060,0.000,86.660
8.877,1.3903,-0.0011,1.3903,0.0000,0.0011,0.180,0.013,12.060,0.000,86.660
8.921,1.4019,-0.0012,1.4019,0.0000,0.0012,0.180,0.011,12.060,0.000,86.660
8.979,1.4094,-0.0012,1.4094,0.0000,0.0012,0.180,0.011,12.040,0.000,85.550
9.025,1.4174,-0.0012,1.4174,0.0000,0.0012,0.180,0.009,12.060,0.000,86.660
9.072,1.4289,-0.0012,1.4289,0.0000,0.0012,0.180,0.007,12.060,0.000,86.660
9.116,1.4363,-0.0012,1.4363,0.0000,0.0012,0.180,0.007,12.040,0.000,85.550
9.178,1.4441,-0.0012,1.4441,0.0000,0.0012,0.180,0.007,12.060,0.000,86.660
9.213,1.4556,-0.0012,1.4556,0.0000,0.0012,0.180,0.007,12.040,0.000,85.550
9.276,1.4631,-0.0012,1.4631,0.0000,0.0012,0.180,0.009,12.040,0.000,85.550
9.322,1.4709,-0.0013,1.4709,0.0000,0.0013,0.180,0.010,12.080,0.000,87.770
9.369,1.4825,-0.0013,1.4825,0.0000,0.0013,0.180,0.010,12.080,0.000,87.770
9.413,1.4901,-0.0013,1.4901,0.0000,0.0013,0.180,0.010,12.060,0.000,86.660
9.473,1.4978,-0.0013,1.4978,0.0000,0.0013,0.180,0.012,12.060,0.000,86.660
9.516,1.5094,-0.0013,1.5094,0.0000,0.0013,0.180,0.012,12.060,0.000,86.660
9.576,1.5172,-0.0014,1.5172,0.0000,0.0014,0.171,0.526,12.040,0.000,85.550
9.621,1.5247,-0.0014,1.5247,0.0000,0.0014,0.146,0.618,12.060,0.000,86.660
9.667,1.5362,-0.0013,1.5362,0.0000,0.0013,0.146,0.618,12.080,0.000,87.770
9.801,1.5438,-0.0011,1.5438,0.0000,0.0011,0.123,0.730,12.080,0.000,87.770
9.802,1.5509,-0.0008,1.5509,0.0000,0.0008,0.123,0.730,12.080,0.000,87.770
9.821,1.5599,-0.0001,1.5599,0.0000,0.0001,0.109,0.826,12.090,0.000,88.330
9.875,1.5649,0.0005,1.5649,0.0000,0.0005,0.109,0.827,12.090,0.000,88.330
9.924,1.5700,0.0012,1.5700,0.0000,0.0012,0.111,0.809,12.090,0.000,88.330
9.966,1.5774,0.0026,1.5774,0.0000,0.0026,0.111,0.809,12.080,0.000,87.770
10.027,1.5818,0.0037,1.5818,0.0000,0.0037,0.115,0.785,12.080,0.000,87.770
10.073,1.5882,0.0055,1.5882,0.0000,0.0055,0.115,0.786,12.090,0.000,88.330
10.116,1.5928,0.0069,1.5928,0.0000,0.0069,0.115,0.786,12.090,0.000,88.330
10.178,1.5972,0.0085,1.5972,0.0000,0.0085,0.121,0.742,12.090,0.000,88.330
10.237,1.6037,0.0112,1.6037,0.0000,0.0112,0.121,0.743,12.090,0.000,88.330
10.280,1.6079,0.0131,1.6079,0.0000,0.0131,0.123,0.730,12.080,0.000,87.770
10.323,1.6122,0.0152,1.6122,0.0000,0.0152,0.129,0.698,12.090,0.000,88.330
10.370,1.6187,0.0187,1.6187,0.0000,0.0187,0.129,0.698,12.090,0.000,88.330
10.417,1.6232,0.0213,1.6232,0.0000,0.0213,0.129,0.698,12.080,0.000,87.770
10.477,1.6274,0.0239,1.6274,0.0000,0.0239,0.137,0.657,12.080,0.000,87.770
10.520,1.6337,0.0283,1.6337,0.0000,0.0283,0.137,0.657,12.090,0.000,88.330
10.578,1.6379,0.0313,1.6379,0.0000,0.0313,0.139,0.645,12.080,0.000,87.770
10.623,1.6422,0.0346,1.6422,0.0000,0.0346,0.146,0.618,12.080,0.000,87.770
10.669,1.6486,0.0400,1.6486,0.0000,0.0400,0.145,0.620,12.090,0.000,88.330
10.716,1.6528,0.0437,1.6528,0.0000,0.0437,0.145,0.620,12.060,0.000,86.660
10.773,1.6568,0.0475,1.6568,0.0000,0.0475,0.155,0.582,12.080,0.000,87.770
10.818,1.6630,0.0536,1.6630,0.0000,0.0536,0.154,0.584,12.080,0.000,87.770
10.875,1.6671,0.0580,1.6671,0.0000,0.0580,0.157,0.574,12.060,0.000,86.660
10.925,1.6711,0.0624,1.6711,0.0000,0.0624,0.164,0.548,12.080,0.000,87.770
10.967,1.6774,0.0699,1.6774,0.0000,0.0699,0.163,0.551,12.060,0.000,86.660
11.017,1.6815,0.0750,1.7500,0.0750,0.0685,0.166,0.541,12.060,0.000,86.660
11.073,1.6853,0.0801,1.7500,0.0801,0.0647,0.174,0.517,12.080,0.000,87.770
11.119,1.6912,0.0883,1.7500,0.0883,0.0588,0.173,0.520,12.060,0.000,86.660
11.174,1.6951,0.0941,1.7500,0.0941,0.0549,0.176,0.512,12.080,0.000,87.770
11.222,1.6987,0.0998,1.7500,0.0998,0.0513,0.180,0.490,12.060,0.000,86.660
11.268,1.7042,0.1088,1.7500,0.1088,0.0458,0.180,0.492,12.060,0.000,86.660
11.328,1.7078,0.1151,1.7500,0.1151,0.0422,0.180,0.468,12.080,0.000,87.770
11.369,1.7130,0.1249,1.7500,0.1249,0.0370,0.180,0.469,12.080,0.000,87.770
11.416,1.7164,0.1316,1.7500,0.1316,0.0336,0.180,0.469,12.080,0.000,87.770
11.479,1.7197,0.1385,1.7500,0.1385,0.0303,0.180,0.439,12.060,0.000,86.660
11.517,1.7243,0.1488,1.7500,0.1488,0.0257,0.180,0.440,12.060,0.000,86.660
11.566,1.7274,0.1559,1.7500,0.1559,0.0226,0.180,0.440,12.060,0.000,86.660
11.624,1.7301,0.1628,1.7500,0.1628,0.0199,0.180,0.410,12.060,0.000,86.660
11.671,1.7341,0.1735,1.7500,0.1735,0.0159,0.180,0.406,12.080,0.000,87.770
11.721,1.7367,0.1807,1.7500,0.1807,0.0133,0.180,0.395,12.080,0.000,87.770
11.775,1.7391,0.1880,1.7500,0.1880,0.0109,0.180,0.371,12.060,0.000,86.660
11.818,1.7425,0.1992,1.7500,0.1992,0.0075,0.180,0.366,12.060,0.000,86.660
11.877,1.7446,0.2066,1.7500,0.2066,0.0054,0.180,0.356,12.060,0.000,86.660
11.921,1.7466,0.2142,1.7500,0.2142,0.0034,0.180,0.335,12.080,0.000,87.770
11.969,1.7494,0.2254,1.7500,0.2254,0.0006,0.180,0.330,12.060,0.000,86.660
12.016,1.7511,0.2330,1.7500,0.2330,0.0011,0.180,0.330,12.080,0.000,87.770
12.074,1.7527,0.2405,1.7500,0.2405,0.0027,0.180,0.302,12.080,0.000,87.770
12.117,1.7550,0.2518,1.7500,0.2518,0.0050,0.180,0.296,12.060,0.000,86.660
12.180,1.7563,0.2591,1.7500,0.2591,0.0063,0.180,0.285,12.060,0.000,86.660
12.224,1.7576,0.2667,1.7500,0.2667,0.0076,0.180,0.266,12.080,0.000,87.770
12.290,1.7593,0.2781,1.7500,0.2781,0.0093,0.180,0.259,12.080,0.000,87.770
12.319,1.7603,0.2857,1.7500,0.2857,0.0103,0.180,0.248,12.080,0.000,87.770
12.376,1.7613,0.2935,1.7500,0.2935,0.0113,0.180,0.230,12.060,0.000,86.660
12.512,1.7625,0.3049,1.7500,0.3049,0.0125,0.180,0.230,12.060,0.000,86.660
12.512,1.7633,0.3123,1.7500,0.3123,0.0133,0.180,0.230,12.060,0.000,86.660
12.520,1.7640,0.3199,1.7500,0.3199,0.0140,0.180,0.195,12.080,0.000,87.770
12.577,1.7648,0.3313,1.7500,0.3313,0.0148,0.180,0.187,12.060,0.000,86.660
12.624,1.7653,0.3390,1.7500,0.3390,0.0153,0.180,0.170,12.040,0.000,85.550
12.669,1.7659,0.3501,1.7500,0.3501,0.0159,0.180,0.162,12.040,0.000,85.550
12.716,1.7663,0.3580,1.7500,0.3580,0.0163,0.180,0.162,12.080,0.000,87.770
12.775,1.7665,0.3657,1.7500,0.3657,0.0165,0.180,0.138,12.040,0.000,85.550
12.817,1.7668,0.3773,1.7500,0.3773,0.0168,0.180,0.138,12.060,0.000,86.660
12.878,1.7670,0.3851,1.7500,0.3851,0.0170,0.180,0.122,12.060,0.000,86.660
12.924,1.7671,0.3927,1.7500,0.3927,0.0171,0.180,0.110,12.080,0.000,87.770
12.973,1.7671,0.4043,1.7500,0.4043,0.0171,0.180,0.103,12.060,0.000,86.660
13.015,1.7671,0.4119,1.7500,0.4119,0.0171,0.180,0.103,12.040,0.000,85.550
13.086,1.7671,0.4190,1.7500,0.4190,0.0171,0.180,0.085,12.060,0.000,86.660
13.120,1.7670,0.4304,1.7500,0.4304,0.0170,0.180,0.078,12.040,0.000,85.550
13.178,1.7669,0.4380,1.7500,0.4380,0.0169,0.180,0.071,12.040,0.000,85.550
13.220,1.7667,0.4456,1.7500,0.4456,0.0167,0.180,0.062,12.060,0.000,86.660
13.282,1.7664,0.4571,1.7500,0.4571,0.0164,0.180,0.056,12.040,0.000,85.550
13.328,1.7662,0.4648,1.7500,0.4648,0.0162,0.180,0.049,12.040,0.000,85.550
13.382,1.7658,0.4764,1.7500,0.4764,0.0158,0.180,0.044,12.060,0.000,86.660
13.416,1.7656,0.4841,1.7500,0.4841,0.0156,0.180,0.044,12.040,0.000,85.550
13.480,1.7653,0.4917,1.7500,0.4917,0.0153,0.180,0.036,12.060,0.000,86.660
13.521,1.7649,0.5032,1.7500,0.5032,0.0149,0.180,0.032,12.040,0.000,85.550
13.569,1.7646,0.5110,1.7500,0.5110,0.0146,0.180,0.028,12.060,0.000,86.660
13.625,1.7643,0.5184,1.7500,0.5184,0.0143,0.180,0.024,12.060,0.000,86.660
13.672,1.7638,0.5300,1.7500,0.5300,0.0138,0.180,0.020,12.080,0.000,87.770
13.714,1.7635,0.5378,1.7500,0.5378,0.0135,0.180,0.020,12.060,0.000,86.660
13.782,1.7631,0.5453,1.7500,0.5453,0.0131,0.180,0.011,12.060,0.000,86.660
13.818,1.7626,0.5570,1.7500,0.5570,0.0126,0.180,0.007,12.060,0.000,86.660
13.884,1.7622,0.5650,1.7500,0.5650,0.0122,0.180,0.004,12.080,0.000,87.770
13.922,1.7619,0.5726,1.7500,0.5726,0.0119,0.180,0.002,12.060,0.000,86.660
13.970,1.7614,0.5841,1.7500,0.5841,0.0114,0.180,-0.001,12.060,0.000,86.660
14.018,1.7610,0.5919,1.7500,0.5919,0.0110,0.180,-0.003,12.080,0.000,87.770
14.076,1.7606,0.5997,1.7500,0.5997,0.0106,0.180,-0.004,12.060,0.000,86.660
14.118,1.7601,0.6108,1.7500,0.6108,0.0101,0.180,-0.007,12.060,0.000,86.660
14.178,1.7598,0.6185,1.7500,0.6185,0.0098,0.180,-0.009,12.060,0.000,86.660
14.223,1.7594,0.6263,1.7500,0.6263,0.0094,0.180,-0.012,12.060,0.000,86.660
14.273,1.7589,0.6376,1.7500,0.6376,0.0089,0.180,-0.015,12.060,0.000,86.660
14.320,1.7586,0.6451,1.7500,0.6451,0.0086,0.180,-0.017,12.080,0.000,87.770
14.377,1.7582,0.6530,1.7500,0.6530,0.0082,0.180,-0.019,12.080,0.000,87.770
14.429,1.7577,0.6644,1.7500,0.6644,0.0077,0.180,-0.022,12.080,0.000,87.770
14.477,1.7573,0.6718,1.7500,0.6718,0.0073,0.180,-0.023,12.080,0.000,87.770
14.526,1.7570,0.6797,1.7500,0.6797,0.0070,0.180,-0.023,12.080,0.000,87.770
14.583,1.7565,0.6912,1.7500,0.6912,0.0065,0.180,-0.024,12.060,0.000,86.660
14.616,1.7562,0.6987,1.7500,0.6987,0.0062,0.180,-0.024,12.060,0.000,86.660
14.675,1.7559,0.7066,1.7500,0.7066,0.0059,0.180,-0.022,12.080,0.000,87.770
14.718,1.7554,0.7180,1.7500,0.7180,0.0054,0.180,-0.023,12.060,0.000,86.660
14.782,1.7551,0.7255,1.7500,0.7255,0.0051,0.180,-0.022,12.060,0.000,86.660
14.820,1.7547,0.7370,1.7500,0.7370,0.0047,0.180,-0.022,12.060,0.000,86.660
14.880,1.7545,0.7449,1.7500,0.7449,0.0045,0.180,-0.023,12.080,0.000,87.770
14.963,1.7542,0.7524,1.7500,0.7524,0.0042,0.180,-0.023,12.060,0.000,86.660
14.980,1.7538,0.7641,1.7500,0.7641,0.0038,0.180,-0.023,12.060,0.000,86.660
15.017,1.7536,0.7720,1.7500,0.7720,0.0036,0.180,-0.024,12.060,0.000,86.660
15.082,1.7534,0.7796,1.7500,0.7796,0.0034,0.180,-0.023,12.080,0.000,87.770
15.119,1.7530,0.7912,1.7500,0.7912,0.0030,0.180,-0.022,12.060,0.000,86.660
15.179,1.7528,0.7990,1.7500,0.7990,0.0028,0.180,-0.022,12.060,0.000,86.660
15.225,1.7526,0.8068,1.7500,0.8068,0.0026,0.180,-0.021,12.080,0.000,87.770
15.272,1.7524,0.8181,1.7500,0.8181,0.0024,0.180,-0.020,12.060,0.000,86.660
15.318,1.7522,0.8258,1.7500,0.8258,0.0022,0.180,-0.021,12.080,0.000,87.770
15.379,1.7520,0.8335,1.7500,0.8335,0.0020,0.180,-0.020,12.060,0.000,86.660
15.419,1.7518,0.8448,1.7500,0.8448,0.0018,0.180,-0.020,12.060,0.000,86.660
15.481,1.7516,0.8524,1.7500,0.8524,0.0016,0.180,-0.019,12.080,0.000,87.770
15.524,1.7515,0.8602,1.7500,0.8602,0.0015,0.180,-0.020,12.080,0.000,87.770
15.569,1.7512,0.8715,1.7500,0.8715,0.0012,0.180,-0.020,12.060,0.000,86.660
15.616,1.7511,0.8792,1.7500,0.8792,0.0011,0.180,-0.020,12.060,0.000,86.660
15.677,1.7510,0.8866,1.7500,0.8866,0.0010,0.180,-0.018,12.060,0.000,86.660
15.716,1.7508,0.8981,1.7500,0.8981,0.0008,0.180,-0.018,12.060,0.000,86.660
15.778,1.7507,0.9057,1.7500,0.9057,0.0007,0.180,-0.016,12.060,0.000,86.660
15.820,1.7506,0.9135,1.7500,0.9135,0.0006,0.180,-0.015,12.060,0.000,86.660
15.886,1.7504,0.9246,1.7500,0.9246,0.0004,0.180,-0.015,12.060,0.000,86.660
15.925,1.7503,0.9322,1.7500,0.9322,0.0003,0.180,-0.014,12.060,0.000,86.660
15.972,1.7502,0.9437,1.7500,0.9437,0.0002,0.180,-0.014,12.040,0.000,85.550
16.015,1.7501,0.9514,1.7500,0.9514,0.0001,0.180,-0.014,12.040,0.000,85.550
16.082,1.7501,0.9592,1.7500,0.9592,0.0001,0.180,-0.014,12.060,0.000,86.660
16.117,1.7499,0.9708,1.7500,0.9708,0.0001,0.180,-0.015,12.060,0.000,86.660
16.182,1.7499,0.9785,1.7500,0.9785,0.0001,0.180,-0.015,12.040,0.000,85.550
16.224,1.7498,0.9863,1.7500,0.9863,0.0002,0.180,-0.015,12.040,0.000,85.550
16.275,1.7497,0.9980,1.7500,0.9980,0.0003,0.180,-0.014,12.040,0.000,85.550
16.317,1.7496,1.0056,1.7500,1.0056,0.0004,0.180,-0.014,12.040,0.000,85.550
16.378,1.7496,1.0134,1.7500,1.0134,0.0004,0.180,-0.014,12.060,0.000,86.660
16.417,1.7495,1.0249,1.7500,1.0249,0.0005,0.180,-0.014,12.040,0.000,85.550
16.480,1.7494,1.0324,1.7500,1.0324,0.0006,0.180,-0.014,12.060,0.000,86.660
16.523,1.7494,1.0400,1.7500,1.0400,0.0006,0.180,-0.014,12.060,0.000,86.660
16.570,1.7493,1.0514,1.7500,1.0514,0.0007,0.180,-0.014,12.040,0.000,85.550
16.617,1.7492,1.0590,1.7500,1.0590,0.0008,0.180,-0.014,12.040,0.000,85.550
16.680,1.7492,1.0666,1.7500,1.0666,0.0008,0.180,-0.015,12.060,0.000,86.660
16.715,1.7491,1.0781,1.7500,1.0781,0.0009,0.180,-0.015,12.060,0.000,86.660
16.782,1.7491,1.0859,1.7500,1.0859,0.0009,0.180,-0.014,12.040,0.000,85.550
16.823,1.7490,1.0935,1.7500,1.0935,0.0010,0.180,-0.012,12.060,0.000,86.660
16.869,1.7490,1.1050,1.7500,1.1050,0.0010,0.180,-0.011,12.080,0.000,87.770
16.917,1.7489,1.1128,1.7500,1.1128,0.0011,0.180,-0.011,12.060,0.000,86.660
16.975,1.7489,1.1204,1.7500,1.1204,0.0011,0.180,-0.009,12.040,0.000,85.550
17.016,1.7489,1.1319,1.7500,1.1319,0.0011,0.180,-0.009,12.060,0.000,86.660
17.079,1.7489,1.1397,1.7500,1.1397,0.0011,0.180,-0.008,12.080,0.000,87.770
17.121,1.7489,1.1471,1.7500,1.1471,0.0011,0.180,-0.008,12.060,0.000,86.660
17.172,1.7489,1.1586,1.7500,1.1586,0.0011,0.180,-0.008,12.060,0.000,86.660
17.219,1.7489,1.1665,1.7500,1.1665,0.0011,0.180,-0.009,12.060,0.000,86.660
17.295,1.7488,1.1741,1.7500,1.1741,0.0012,0.180,-0.009,12.060,0.000,86.660
17.406,1.7488,1.1858,1.7500,1.1858,0.0012,0.180,-0.010,12.060,0.000,86.660
17.407,1.7488,1.1937,1.7500,1.1937,0.0012,0.180,-0.010,12.060,0.000,86.660
17.423,1.7488,1.2014,1.7500,1.2014,0.0012,0.180,-0.012,12.040,0.000,85.550
17.484,1.7487,1.2127,1.7500,1.2127,0.0013,0.180,-0.012,12.060,0.000,86.660
17.527,1.7487,1.2207,1.7500,1.2207,0.0013,0.180,-0.011,12.080,0.000,87.770
17.583,1.7487,1.2321,1.7500,1.2321,0.0013,0.180,-0.010,12.040,0.000,85.550
17.623,1.7487,1.2396,1.7500,1.2396,0.0013,0.180,-0.009,12.060,0.000,86.660
17.682,1.7487,1.2472,1.7500,1.2472,0.0013,0.180,-0.009,12.060,0.000,86.660
17.728,1.7486,1.2586,1.7500,1.2586,0.0014,0.180,-0.009,12.060,0.000,86.660
17.791,1.7486,1.2661,1.7500,1.2661,0.0014,0.180,-0.008,12.040,0.000,85.550
17.838,1.7486,1.2738,1.7500,1.2738,0.0014,0.180,-0.008,12.060,0.000,86.660
17.871,1.7486,1.2854,1.7500,1.2854,0.0014,0.180,-0.007,12.060,0.000,86.660
17.928,1.7486,1.2931,1.7500,1.2931,0.0014,0.180,-0.007,12.060,0.000,86.660
18.127,1.7487,1.3007,1.7500,1.3007,0.0013,0.180,-0.003,12.040,0.000,85.550
18.128,1.7487,1.3123,1.7500,1.3123,0.0013,0.180,-0.003,12.040,0.000,85.550
18.130,1.7487,1.3200,1.7500,1.3200,0.0013,0.180,-0.003,12.040,0.000,85.550
18.135,1.7487,1.3276,1.7500,1.3276,0.0013,0.180,-0.003,12.040,0.000,85.550
18.172,1.7488,1.3391,1.7500,1.3391,0.0012,0.180,-0.002,12.060,0.000,86.660
18.221,1.7488,1.3464,1.7500,1.3464,0.0012,0.180,-0.001,12.040,0.000,85.550
18.276,1.7488,1.3539,1.7500,1.3539,0.0012,0.180,-0.001,12.040,0.000,85.550
18.324,1.7489,1.3655,1.7500,1.3655,0.0011,0.180,-0.001,12.040,0.000,85.550
18.390,1.7489,1.3733,1.7500,1.3733,0.0011,0.180,-0.001,12.040,0.000,85.550
18.426,1.7489,1.3808,1.7500,1.3808,0.0011,0.180,-0.002,12.040,0.000,85.550
18.478,1.7489,1.3925,1.7500,1.3925,0.0011,0.180,-0.002,12.060,0.000,86.660
18.536,1.7490,1.4004,1.7500,1.4004,0.0010,0.180,-0.002,12.080,0.000,87.770
18.589,1.7490,1.4121,1.7500,1.4121,0.0010,0.180,-0.001,12.040,0.000,85.550
18.687,1.7490,1.4196,1.7500,1.4196,0.0010,0.180,-0.002,12.060,0.000,86.660
18.688,1.7491,1.4274,1.7500,1.4274,0.0009,0.180,-0.002,12.060,0.000,86.660
18.724,1.7491,1.4390,1.7500,1.4390,0.0009,0.180,-0.001,12.060,0.000,86.660
18.782,1.7491,1.4463,1.7500,1.4463,0.0009,0.180,-0.002,12.080,0.000,87.770
18.831,1.7491,1.4541,1.7500,1.4541,0.0009,0.180,-0.003,12.060,0.000,86.660
18.930,1.7491,1.4656,1.7500,1.4656,0.0009,0.180,-0.004,12.040,0.000,85.550
18.932,1.7491,1.4730,1.7500,1.4730,0.0009,0.180,-0.004,12.040,0.000,85.550
18.979,1.7491,1.4806,1.7500,1.4806,0.0009,0.180,-0.005,12.060,0.000,86.660
19.034,1.7491,1.4921,1.7500,1.4921,0.0009,0.180,-0.005,12.040,0.000,85.550
19.080,1.7491,1.4998,1.7500,1.4998,0.0009,0.180,-0.005,12.040,0.000,85.550
19.171,1.7491,1.5075,1.7500,1.5075,0.0009,0.164,0.548,12.060,0.000,86.660
19.182,1.7491,1.5191,1.7500,1.5191,0.0009,0.164,0.548,12.060,0.000,86.660
19.262,1.7491,1.5269,1.7500,1.5269,0.0009,0.164,0.548,12.040,0.000,85.550
19.278,1.7491,1.5343,1.7500,1.5343,0.0009,0.124,0.728,12.060,0.000,86.660
19.324,1.7491,1.5459,1.7500,1.5459,0.0009,0.109,0.826,12.080,0.000,87.770
19.385,1.7490,1.5532,1.7500,1.5532,0.0010,0.104,0.862,12.090,0.000,88.330
19.437,1.7488,1.5601,1.7500,1.5601,0.0012,0.104,0.866,12.090,0.000,88.330
19.624,1.7481,1.5682,1.7500,1.5682,0.0019,0.102,0.885,12.080,0.000,87.770
19.680,1.7476,1.5727,1.7500,1.5727,0.0024,0.109,0.824,12.080,0.000,87.770
19.681,1.7469,1.5771,1.7500,1.5771,0.0031,0.109,0.824,12.090,0.000,88.330
19.689,1.7456,1.5835,1.7500,1.5835,0.0044,0.109,0.824,12.090,0.000,88.330
19.690,1.7446,1.5877,1.7500,1.5877,0.0054,0.109,0.824,12.090,0.000,88.330
19.725,1.7434,1.5918,1.7500,1.5918,0.0066,0.115,0.786,12.090,0.000,88.330
19.784,1.7414,1.5979,1.7500,1.5979,0.0086,0.115,0.780,12.080,0.000,87.770
19.864,1.7399,1.6017,1.7500,1.6017,0.0101,0.115,0.780,12.090,0.000,88.330
19.906,1.7373,1.6076,1.7500,1.6076,0.0127,0.122,0.740,12.080,0.000,87.770
19.930,1.7354,1.6115,1.7500,1.6115,0.0146,0.125,0.718,12.090,0.000,88.330
19.987,1.7332,1.6157,1.7500,1.6157,0.0168,0.132,0.682,12.090,0.000,88.330
20.863,1.7297,1.6218,1.7500,1.6218,0.0203,0.132,0.682,12.080,0.000,87.770
20.864,1.7271,1.6260,1.7500,1.6260,0.0229,0.132,0.682,12.080,0.000,87.770
20.868,1.7243,1.6302,1.7500,1.6302,0.0257,0.156,0.578,12.080,0.000,87.770
20.886,1.7195,1.6367,1.7500,1.6367,0.0305,0.156,0.578,12.080,0.000,87.770
20.887,1.7161,1.6411,1.7500,1.6411,0.0339,0.156,0.578,12.080,0.000,87.770
20.889,1.7126,1.6453,1.7500,1.6453,0.0374,0.156,0.578,12.090,0.000,88.330
20.890,1.7071,1.6515,1.7500,1.6515,0.0429,0.156,0.578,12.080,0.000,87.770
20.891,1.7033,1.6555,1.7500,1.6555,0.0467,0.156,0.578,12.080,0.000,87.770
20.968,1.6994,1.6594,1.7500,1.6594,0.0506,0.180,0.264,12.090,0.000,88.330
20.970,1.6932,1.6651,1.7500,1.6651,0.0568,0.180,0.264,12.060,0.000,86.660
20.971,1.6890,1.6687,1.7500,1.6687,0.0610,0.180,0.264,12.080,0.000,87.770
20.972,1.6847,1.6722,1.7500,1.6722,0.0653,0.180,0.264,12.080,0.000,87.770
20.973,1.6779,1.6773,1.7500,1.6773,0.0721,0.180,0.264,12.080,0.000,87.770
20.974,1.6734,1.6805,1.6734,1.7500,0.0695,0.180,0.264,12.080,0.000,87.770
20.975,1.6688,1.6835,1.6688,1.7500,0.0665,0.180,0.264,12.080,0.000,87.770
20.976,1.6757,1.6793,1.6757,1.7500,0.0707,0.180,0.264,12.080,0.000,87.770
20.977,1.6709,1.6820,1.6709,1.7500,0.0680,0.180,0.264,12.080,0.000,87.770
20.978,1.6661,1.6845,1.6661,1.7500,0.0655,0.180,0.264,12.080,0.000,87.770
20.980,1.6587,1.6881,1.6587,1.7500,0.0619,0.180,0.264,12.080,0.000,87.770
21.020,1.6537,1.6904,1.6537,1.7500,0.0596,0.180,0.238,12.080,0.000,87.770
21.326,1.6486,1.6924,1.6486,1.7500,0.0576,0.180,0.167,12.090,0.000,88.330
21.331,1.6407,1.6953,1.6407,1.7500,0.0547,0.180,0.167,12.080,0.000,87.770
21.468,1.6354,1.6971,1.6354,1.7500,0.0529,0.180,-0.053,12.080,0.000,87.770
21.469,1.6266,1.6997,1.6266,1.7500,0.0503,0.180,-0.053,12.080,0.000,87.770
21.470,1.6204,1.7013,1.6204,1.7500,0.0487,0.180,-0.053,12.080,0.000,87.770
21.472,1.6143,1.7028,1.6143,1.7500,0.0472,0.180,-0.053,12.080,0.000,87.770
21.473,1.6047,1.7048,1.6047,1.7500,0.0452,0.180,-0.053,12.080,0.000,87.770
21.473,1.5983,1.7059,1.5983,1.7500,0.0441,0.180,-0.053,12.060,0.000,86.660
21.473,1.5921,1.7069,1.5921,1.7500,0.0431,0.180,-0.053,12.060,0.000,86.660
21.480,1.5813,1.7084,1.5813,1.7500,0.0416,0.180,-0.053,12.080,0.000,87.770
21.515,1.5737,1.7093,1.5737,1.7500,0.0407,0.180,-0.053,12.080,0.000,87.770
21.618,1.5663,1.7102,1.5663,1.7500,0.0398,0.180,-0.056,12.080,0.000,87.770
21.635,1.5548,1.7115,1.5548,1.7500,0.0385,0.180,-0.056,12.040,0.000,85.550
21.680,1.5475,1.7124,1.5475,1.7500,0.0376,0.180,-0.049,12.040,0.000,85.550
21.723,1.5399,1.7133,1.5399,1.7500,0.0367,0.180,-0.040,12.080,0.000,87.770
21.769,1.5284,1.7147,1.5284,1.7500,0.0353,0.180,-0.029,12.060,0.000,86.660
21.818,1.5210,1.7156,1.5210,1.7500,0.0344,0.180,-0.023,12.060,0.000,86.660
21.874,1.5135,1.7165,1.5135,1.7500,0.0335,0.180,-0.014,12.080,0.000,87.770
21.932,1.5020,1.7179,1.5020,1.7500,0.0321,0.180,-0.005,12.060,0.000,86.660
21.978,1.4945,1.7189,1.4945,1.7500,0.0311,0.180,0.002,12.040,0.000,85.550
22.020,1.4870,1.7199,1.4870,1.7500,0.0301,0.180,0.010,12.060,0.000,86.660
22.070,1.4754,1.7214,1.4754,1.7500,0.0286,0.180,0.020,12.060,0.000,86.660
22.129,1.4678,1.7224,1.4678,1.7500,0.0276,0.180,0.027,12.040,0.000,85.550
22.179,1.4564,1.7238,1.4564,1.7500,0.0262,0.180,0.036,12.080,0.000,87.770
22.219,1.4488,1.7248,1.4488,1.7500,0.0252,0.180,0.042,12.080,0.000,87.770
22.282,1.4411,1.7258,1.4411,1.7500,0.0242,0.180,0.047,12.040,0.000,85.550
22.324,1.4297,1.7273,1.4297,1.7500,0.0227,0.180,0.054,12.060,0.000,86.660
22.369,1.4222,1.7283,1.4222,1.7500,0.0217,0.180,0.059,12.080,0.000,87.770
22.426,1.4144,1.7293,1.4144,1.7500,0.0207,0.180,0.060,12.060,0.000,86.660
22.470,1.4029,1.7307,1.4029,1.7500,0.0193,0.180,0.066,12.060,0.000,86.660
22.517,1.3954,1.7316,1.3954,1.7500,0.0184,0.180,0.068,12.060,0.000,86.660
22.579,1.3875,1.7326,1.3875,1.7500,0.0174,0.180,0.068,12.060,0.000,86.660
22.620,1.3760,1.7339,1.3760,1.7500,0.0161,0.180,0.072,12.060,0.000,86.660
22.668,1.3685,1.7348,1.3685,1.7500,0.0152,0.180,0.074,12.040,0.000,85.550
22.725,1.3607,1.7356,1.3607,1.7500,0.0144,0.180,0.074,12.060,0.000,86.660
22.810,1.3493,1.7369,1.3493,1.7500,0.0131,0.180,0.074,12.040,0.000,85.550
22.827,1.3421,1.7376,1.3421,1.7500,0.0124,0.180,0.078,12.040,0.000,85.550
22.875,1.3345,1.7384,1.3345,1.7500,0.0116,0.180,0.076,12.060,0.000,86.660
22.917,1.3232,1.7395,1.3232,1.7500,0.0105,0.180,0.078,12.040,0.000,85.550
22.977,1.3155,1.7402,1.3155,1.7500,0.0098,0.180,0.077,12.060,0.000,86.660
23.025,1.3080,1.7409,1.3080,1.7500,0.0091,0.180,0.074,12.040,0.000,85.550
23.071,1.2967,1.7419,1.2967,1.7500,0.0081,0.180,0.076,12.060,0.000,86.660
23.178,1.2889,1.7425,1.2889,1.7500,0.0075,0.180,0.072,12.040,0.000,85.550
23.188,1.2813,1.7431,1.2813,1.7500,0.0069,0.180,0.072,12.040,0.000,85.550
23.220,1.2700,1.7440,1.2700,1.7500,0.0060,0.180,0.073,12.040,0.000,85.550
23.323,1.2623,1.7446,1.2623,1.7500,0.0054,0.180,0.069,12.040,0.000,85.550
23.325,1.2545,1.7451,1.2545,1.7500,0.0049,0.180,0.069,12.040,0.000,85.550
23.370,1.2432,1.7459,1.2432,1.7500,0.0041,0.180,0.070,12.040,0.000,85.550
23.516,1.2355,1.7463,1.2355,1.7500,0.0037,0.180,0.070,12.060,0.000,86.660
23.516,1.2239,1.7470,1.2239,1.7500,0.0030,0.180,0.070,12.060,0.000,86.660
23.529,1.2162,1.7475,1.2162,1.7500,0.0025,0.180,0.065,12.060,0.000,86.660
23.579,1.2084,1.7479,1.2084,1.7500,0.0021,0.180,0.061,12.060,0.000,86.660
23.619,1.1968,1.7485,1.1968,1.7500,0.0015,0.180,0.060,12.060,0.000,86.660
23.680,1.1891,1.7488,1.1891,1.7500,0.0012,0.180,0.059,12.060,0.000,86.660
23.726,1.1812,1.7492,1.1812,1.7500,0.0008,0.180,0.056,12.060,0.000,86.660
23.775,1.1697,1.7496,1.1697,1.7500,0.0004,0.180,0.055,12.040,0.000,85.550
23.817,1.1622,1.7499,1.1622,1.7500,0.0001,0.180,0.055,12.060,0.000,86.660
23.887,1.1544,1.7502,1.1544,1.7500,0.0002,0.180,0.053,12.040,0.000,85.550
23.920,1.1433,1.7506,1.1433,1.7500,0.0006,0.180,0.053,12.040,0.000,85.550
23.980,1.1357,1.7509,1.1357,1.7500,0.0009,0.180,0.051,12.040,0.000,85.550
24.026,1.1281,1.7511,1.1281,1.7500,0.0011,0.180,0.048,12.040,0.000,85.550
24.070,1.1166,1.7514,1.1166,1.7500,0.0014,0.180,0.047,12.040,0.000,85.550
24.117,1.1090,1.7516,1.1090,1.7500,0.0016,0.180,0.044,12.040,0.000,85.550
24.174,1.1013,1.7518,1.1013,1.7500,0.0018,0.180,0.040,12.040,0.000,85.550
24.219,1.0899,1.7520,1.0899,1.7500,0.0020,0.180,0.038,12.040,0.000,85.550
24.279,1.0823,1.7521,1.0823,1.7500,0.0021,0.180,0.037,12.040,0.000,85.550
24.322,1.0747,1.7522,1.0747,1.7500,0.0022,0.180,0.034,12.040,0.000,85.550
24.383,1.0633,1.7524,1.0633,1.7500,0.0024,0.180,0.033,12.040,0.000,85.550
24.416,1.0557,1.7525,1.0557,1.7500,0.0025,0.180,0.033,12.040,0.000,85.550
24.474,1.0479,1.7526,1.0479,1.7500,0.0026,0.180,0.030,12.040,0.000,85.550
24.517,1.0365,1.7527,1.0365,1.7500,0.0027,0.180,0.030,12.040,0.000,85.550
24.580,1.0287,1.7528,1.0287,1.7500,0.0028,0.180,0.029,12.060,0.000,86.660
24.618,1.0175,1.7529,1.0175,1.7500,0.0029,0.180,0.028,12.040,0.000,85.550
24.685,1.0097,1.7529,1.0097,1.7500,0.0029,0.180,0.027,12.040,0.000,85.550
24.724,1.0019,1.7530,1.0019,1.7500,0.0030,0.180,0.025,12.040,0.000,85.550
24.769,0.9903,1.7530,0.9903,1.7500,0.0030,0.180,0.023,12.060,0.000,86.660
24.818,0.9825,1.7531,0.9825,1.7500,0.0031,0.180,0.022,12.040,0.000,85.550
24.877,0.9749,1.7531,0.9749,1.7500,0.0031,0.180,0.021,12.060,0.000,86.660
24.918,0.9634,1.7531,0.9634,1.7500,0.0031,0.180,0.021,12.060,0.000,86.660
24.977,0.9555,1.7531,0.9555,1.7500,0.0031,0.180,0.020,12.040,0.000,85.550
25.023,0.9481,1.7531,0.9481,1.7500,0.0031,0.180,0.018,12.040,0.000,85.550
25.074,0.9366,1.7531,0.9366,1.7500,0.0031,0.180,0.017,12.060,0.000,86.660
25.117,0.9287,1.7531,0.9287,1.7500,0.0031,0.180,0.016,12.060,0.000,86.660
25.196,0.9214,1.7531,0.9214,1.7500,0.0031,0.180,0.016,12.080,0.000,87.770
25.219,0.9098,1.7531,0.9098,1.7500,0.0031,0.180,0.013,12.080,0.000,87.770
25.301,0.9023,1.7531,0.9023,1.7500,0.0031,0.180,0.013,12.060,0.000,86.660
25.323,0.8909,1.7530,0.8909,1.7500,0.0030,0.180,0.010,12.040,0.000,85.550
25.377,0.8836,1.7530,0.8836,1.7500,0.0030,0.180,0.008,12.060,0.000,86.660
25.429,0.8758,1.7529,0.8758,1.7500,0.0029,0.180,0.006,12.040,0.000,85.550
25.475,0.8644,1.7528,0.8644,1.7500,0.0028,0.180,0.005,12.060,0.000,86.660
25.515,0.8570,1.7528,0.8570,1.7500,0.0028,0.180,0.005,12.060,0.000,86.660
25.579,0.8492,1.7527,0.8492,1.7500,0.0027,0.180,0.003,12.060,0.000,86.660
25.618,0.8377,1.7526,0.8377,1.7500,0.0026,0.180,0.003,12.060,0.000,86.660
25.683,0.8301,1.7525,0.8301,1.7500,0.0025,0.180,0.003,12.060,0.000,86.660
25.724,0.8223,1.7525,0.8223,1.7500,0.0025,0.180,0.002,12.080,0.000,87.770
25.774,0.8106,1.7524,0.8106,1.7500,0.0024,0.180,0.001,12.060,0.000,86.660
25.833,0.8028,1.7523,0.8028,1.7500,0.0023,0.180,0.000,12.060,0.000,86.660
25.879,0.7951,1.7522,0.7951,1.7500,0.0022,0.180,-0.000,12.080,0.000,87.770
25.918,0.7834,1.7521,0.7834,1.7500,0.0021,0.180,-0.001,12.060,0.000,86.660
25.981,0.7756,1.7521,0.7756,1.7500,0.0021,0.180,-0.002,12.040,0.000,85.550
26.024,0.7682,1.7520,0.7682,1.7500,0.0020,0.180,-0.002,12.040,0.000,85.550
26.093,0.7566,1.7519,0.7566,1.7500,0.0019,0.180,-0.002,12.060,0.000,86.660
26.117,0.7487,1.7518,0.7487,1.7500,0.0018,0.180,-0.002,12.060,0.000,86.660
26.176,0.7413,1.7517,0.7413,1.7500,0.0017,0.180,-0.002,12.060,0.000,86.660
26.214,0.7298,1.7516,0.7298,1.7500,0.0016,0.180,-0.002,12.080,0.000,87.770
26.281,0.7220,1.7516,0.7220,1.7500,0.0016,0.180,-0.003,12.060,0.000,86.660
26.320,0.7146,1.7515,0.7146,1.7500,0.0015,0.180,-0.004,12.060,0.000,86.660
26.372,0.7031,1.7514,0.7031,1.7500,0.0014,0.180,-0.006,12.060,0.000,86.660
26.416,0.6952,1.7513,0.6952,1.7500,0.0013,0.180,-0.006,12.060,0.000,86.660
26.474,0.6877,1.7513,0.6877,1.7500,0.0013,0.180,-0.008,12.040,0.000,85.550
26.515,0.6764,1.7511,0.6764,1.7500,0.0011,0.180,-0.008,12.080,0.000,87.770
26.582,0.6686,1.7510,0.6686,1.7500,0.0010,0.180,-0.011,12.080,0.000,87.770
26.621,0.6572,1.7509,0.6572,1.7500,0.0009,0.180,-0.012,12.040,0.000,85.550
26.670,0.6498,1.7508,0.6498,1.7500,0.0008,0.180,-0.013,12.060,0.000,86.660
26.727,0.6420,1.7507,0.6420,1.7500,0.0007,0.180,-0.013,12.060,0.000,86.660
26.775,0.6305,1.7506,0.6305,1.7500,0.0006,0.180,-0.013,12.060,0.000,86.660
26.882,0.6229,1.7505,0.6229,1.7500,0.0005,0.180,-0.012,12.080,0.000,87.770
26.884,0.6151,1.7504,0.6151,1.7500,0.0004,0.180,-0.012,12.080,0.000,87.770
26.918,0.6035,1.7503,0.6035,1.7500,0.0003,0.180,-0.012,12.060,0.000,86.660
26.970,0.5956,1.7502,0.5956,1.7500,0.0002,0.180,-0.012,12.060,0.000,86.660
27.025,0.5879,1.7502,0.5879,1.7500,0.0002,0.180,-0.012,12.080,0.000,87.770
27.071,0.5762,1.7501,0.5762,1.7500,0.0001,0.180,-0.012,12.080,0.000,87.770
27.121,0.5684,1.7500,0.5684,1.7500,0.0000,0.180,-0.012,12.060,0.000,86.660
27.182,0.5609,1.7499,0.5609,1.7500,0.0001,0.180,-0.011,12.080,0.000,87.770
27.224,0.5493,1.7499,0.5493,1.7500,0.0001,0.180,-0.010,12.060,0.000,86.660
27.281,0.5415,1.7498,0.5415,1.7500,0.0002,0.180,-0.009,12.060,0.000,86.660
27.328,0.5341,1.7498,0.5341,1.7500,0.0002,0.180,-0.007,12.040,0.000,85.550
27.372,0.5226,1.7497,0.5226,1.7500,0.0003,0.180,-0.007,12.060,0.000,86.660
27.415,0.5147,1.7497,0.5147,1.7500,0.0003,0.180,-0.007,12.040,0.000,85.550
27.486,0.5073,1.7497,0.5073,1.7500,0.0003,0.180,-0.008,12.040,0.000,85.550
27.526,0.4958,1.7496,0.4958,1.7500,0.0004,0.180,-0.008,12.060,0.000,86.660
27.578,0.4879,1.7496,0.4879,1.7500,0.0004,0.180,-0.009,12.060,0.000,86.660
27.623,0.4805,1.7495,0.4805,1.7500,0.0005,0.180,-0.010,12.060,0.000,86.660
27.671,0.4691,1.7495,0.4691,1.7500,0.0005,0.180,-0.011,12.060,0.000,86.660
27.719,0.4613,1.7494,0.4613,1.7500,0.0006,0.180,-0.012,12.060,0.000,86.660
27.775,0.4539,1.7494,0.4539,1.7500,0.0006,0.180,-0.012,12.060,0.000,86.660
27.816,0.4425,1.7493,0.4425,1.7500,0.0007,0.180,-0.012,12.060,0.000,86.660
27.877,0.4347,1.7493,0.4347,1.7500,0.0007,0.180,-0.012,12.080,0.000,87.770
27.937,0.4271,1.7492,0.4271,1.7500,0.0008,0.180,-0.011,12.060,0.000,86.660
27.982,0.4157,1.7492,0.4157,1.7500,0.0008,0.180,-0.010,12.060,0.000,86.660
28.016,0.4078,1.7492,0.4078,1.7500,0.0008,0.180,-0.010,12.080,0.000,87.770
28.075,0.3999,1.7491,0.3999,1.7500,0.0009,0.180,-0.010,12.060,0.000,86.660
28.120,0.3884,1.7491,0.3884,1.7500,0.0009,0.180,-0.010,12.060,0.000,86.660
28.181,0.3806,1.7491,0.3806,1.7500,0.0009,0.180,-0.009,12.060,0.000,86.660
28.220,0.3689,1.7490,0.3689,1.7500,0.0010,0.180,-0.010,12.060,0.000,86.660
28.282,0.3611,1.7490,0.3611,1.7500,0.0010,0.180,-0.010,12.040,0.000,85.550
28.328,0.3535,1.7490,0.3535,1.7500,0.0010,0.180,-0.010,12.060,0.000,86.660
28.375,0.3420,1.7490,0.3420,1.7500,0.0010,0.180,-0.010,12.060,0.000,86.660
28.417,0.3342,1.7489,0.3342,1.7500,0.0011,0.180,-0.009,12.040,0.000,85.550
28.479,0.3268,1.7489,0.3268,1.7500,0.0011,0.180,-0.008,12.040,0.000,85.550
28.519,0.3153,1.7489,0.3153,1.7500,0.0011,0.180,-0.008,12.060,0.000,86.660
28.569,0.3075,1.7489,0.3075,1.7500,0.0011,0.180,-0.008,12.060,0.000,86.660
28.625,0.3000,1.7489,0.3000,1.7500,0.0011,0.180,-0.008,12.060,0.000,86.660
28.684,0.2885,1.7489,0.2885,1.7500,0.0011,0.180,-0.009,12.060,0.000,86.660
28.715,0.2807,1.7489,0.2807,1.7500,0.0011,0.180,-0.009,12.060,0.000,86.660
28.777,0.2732,1.7488,0.2732,1.7500,0.0012,0.180,-0.012,12.060,0.000,86.660
28.818,0.2618,1.7488,0.2618,1.7500,0.0012,0.180,-0.012,12.060,0.000,86.660
28.879,0.2540,1.7488,0.2540,1.7500,0.0012,0.180,-0.013,12.060,0.000,86.660
28.924,0.2466,1.7487,0.2466,1.7500,0.0013,0.180,0.226,12.060,0.000,86.660
28.969,0.2353,1.7487,0.2353,1.7500,0.0013,0.180,0.480,12.060,0.000,86.660
29.017,0.2275,1.7487,0.2275,1.7500,0.0013,0.154,0.586,12.060,0.000,86.660
29.076,0.2198,1.7486,0.2198,1.7500,0.0014,0.136,0.664,12.060,0.000,86.660
29.118,0.2084,1.7483,0.2084,1.7500,0.0017,0.119,0.756,12.080,0.000,87.770
29.178,0.2011,1.7480,0.2011,1.7500,0.0020,0.114,0.788,12.110,0.000,89.440
29.222,0.1946,1.7475,0.1946,1.7500,0.0025,0.114,0.792,12.090,0.000,88.330
29.272,0.1862,1.7466,0.1862,1.7500,0.0034,0.110,0.818,12.090,0.000,88.330
29.318,0.1813,1.7459,0.1813,1.7500,0.0041,0.111,0.814,12.090,0.000,88.330
29.375,0.1767,1.7451,0.1767,1.7500,0.0049,0.114,0.787,12.090,0.000,88.330
29.420,0.1699,1.7435,0.1699,1.7500,0.0065,0.114,0.793,12.080,0.000,87.770
29.477,0.1655,1.7424,0.1655,1.7500,0.0076,0.115,0.781,12.090,0.000,88.330
29.522,0.1610,1.7410,0.1610,1.7500,0.0090,0.120,0.751,12.090,0.000,88.330
29.568,0.1545,1.7387,0.1545,1.7500,0.0113,0.120,0.752,12.110,0.000,89.440
29.616,0.1502,1.7370,0.1502,1.7500,0.0130,0.120,0.752,12.090,0.000,88.330
29.673,0.1459,1.7351,0.1459,1.7500,0.0149,0.127,0.707,12.090,0.000,88.330
29.714,0.1396,1.7321,0.1396,1.7500,0.0179,0.127,0.707,12.090,0.000,88.330
29.778,0.1353,1.7298,0.1353,1.7500,0.0202,0.129,0.695,12.090,0.000,88.330
29.820,0.1309,1.7274,0.1309,1.7500,0.0226,0.135,0.665,12.080,0.000,87.770
29.881,0.1245,1.7234,0.1245,1.7500,0.0266,0.135,0.667,12.090,0.000,88.330
29.927,0.1203,1.7206,0.1203,1.7500,0.0294,0.141,0.636,12.090,0.000,88.330
29.973,0.1141,1.7161,0.1141,1.7500,0.0339,0.141,0.637,12.080,0.000,87.770
30.019,0.1098,1.7129,0.1098,1.7500,0.0371,0.144,0.626,12.080,0.000,87.770
30.078,0.1056,1.7094,0.1056,1.7500,0.0406,0.150,0.598,12.090,0.000,88.330
30.118,0.0990,1.7036,0.0990,1.7500,0.0464,0.149,0.603,12.080,0.000,87.770
30.166,0.0945,1.6995,0.0945,1.7500,0.0505,0.149,0.603,12.080,0.000,87.770
30.225,0.0901,1.6952,0.0901,1.7500,0.0548,0.158,0.569,12.080,0.000,87.770
30.270,0.0836,1.6883,0.0836,1.7500,0.0617,0.157,0.574,12.080,0.000,87.770
30.317,0.0794,1.6837,0.0794,1.7500,0.0663,0.159,0.566,12.080,0.000,87.770
30.376,0.0751,1.6788,0.0751,1.7500,0.0712,0.165,0.545,12.060,0.000,86.660
30.422,0.0691,1.6714,0.0000,1.6714,0.0691,0.164,0.548,12.080,0.000,87.770
30.479,0.0653,1.6665,0.0000,1.6665,0.0653,0.166,0.542,12.060,0.000,86.660
30.523,0.0615,1.6613,0.0000,1.6613,0.0615,0.172,0.524,12.060,0.000,86.660
30.570,0.0557,1.6529,0.0000,1.6529,0.0557,0.171,0.527,12.060,0.000,86.660
30.617,0.0520,1.6474,0.0000,1.6474,0.0520,0.174,0.518,12.060,0.000,86.660
30.674,0.0483,1.6416,0.0000,1.6416,0.0483,0.180,0.496,12.060,0.000,86.660
30.717,0.0428,1.6323,0.0000,1.6323,0.0428,0.180,0.497,12.080,0.000,87.770
30.776,0.0393,1.6260,0.0000,1.6260,0.0393,0.180,0.488,12.060,0.000,86.660
30.822,0.0359,1.6196,0.0000,1.6196,0.0359,0.180,0.466,12.060,0.000,86.660
30.867,0.0308,1.6096,0.0000,1.6096,0.0308,0.180,0.466,12.060,0.000,86.660
30.917,0.0276,1.6027,0.0000,1.6027,0.0276,0.180,0.457,12.080,0.000,87.770
30.971,0.0244,1.5956,0.0000,1.5956,0.0244,0.180,0.435,12.060,0.000,86.660
31.017,0.0199,1.5849,0.0000,1.5849,0.0199,0.180,0.432,12.060,0.000,86.660
31.079,0.0172,1.5777,0.0000,1.5777,0.0172,0.180,0.409,12.080,0.000,87.770
31.120,0.0131,1.5667,0.0000,1.5667,0.0131,0.180,0.406,12.060,0.000,86.660
31.168,0.0107,1.5594,0.0000,1.5594,0.0107,0.180,0.397,12.060,0.000,86.660
31.248,0.0083,1.5520,0.0000,1.5520,0.0083,0.180,0.397,12.060,0.000,86.660
31.270,0.0050,1.5411,0.0000,1.5411,0.0050,0.180,0.371,12.060,0.000,86.660
31.321,0.0030,1.5337,0.0000,1.5337,0.0030,0.180,0.360,12.060,0.000,86.660
31.378,0.0011,1.5263,0.0000,1.5263,0.0011,0.180,0.338,12.060,0.000,86.660
31.418,-0.0015,1.5153,0.0000,1.5153,0.0015,0.180,0.331,12.060,0.000,86.660
31.467,-0.0032,1.5078,0.0000,1.5078,0.0032,0.180,0.318,12.060,0.000,86.660
31.525,-0.0047,1.5003,0.0000,1.5003,0.0047,0.180,0.298,12.060,0.000,86.660
31.568,-0.0068,1.4891,0.0000,1.4891,0.0068,0.180,0.290,12.060,0.000,86.660
31.618,-0.0081,1.4817,0.0000,1.4817,0.0081,0.180,0.280,12.060,0.000,86.660
31.679,-0.0092,1.4740,0.0000,1.4740,0.0092,0.180,0.260,12.060,0.000,86.660
31.719,-0.0108,1.4629,0.0000,1.4629,0.0108,0.180,0.252,12.060,0.000,86.660
31.778,-0.0118,1.4553,0.0000,1.4553,0.0118,0.180,0.242,12.080,0.000,87.770
31.823,-0.0126,1.4478,0.0000,1.4478,0.0126,0.180,0.224,12.060,0.000,86.660
31.869,-0.0138,1.4363,0.0000,1.4363,0.0138,0.180,0.215,12.060,0.000,86.660
31.916,-0.0145,1.4285,0.0000,1.4285,0.0145,0.180,0.215,12.060,0.000,86.660
31.975,-0.0151,1.4206,0.0000,1.4206,0.0151,0.180,0.189,12.060,0.000,86.660
32.018,-0.0159,1.4088,0.0000,1.4088,0.0159,0.180,0.180,12.040,0.000,85.550
32.078,-0.0163,1.4012,0.0000,1.4012,0.0163,0.180,0.171,12.060,0.000,86.660
32.123,-0.0167,1.3935,0.0000,1.3935,0.0167,0.180,0.158,12.060,0.000,86.660
32.171,-0.0172,1.3820,0.0000,1.3820,0.0172,0.180,0.152,12.060,0.000,86.660
32.218,-0.0174,1.3742,0.0000,1.3742,0.0174,0.180,0.143,12.040,0.000,85.550
32.275,-0.0176,1.3666,0.0000,1.3666,0.0176,0.180,0.131,12.060,0.000,86.660
32.322,-0.0178,1.3552,0.0000,1.3552,0.0178,0.180,0.125,12.040,0.000,85.550
32.375,-0.0179,1.3475,0.0000,1.3475,0.0179,0.180,0.117,12.060,0.000,86.660
32.421,-0.0180,1.3399,0.0000,1.3399,0.0180,0.180,0.107,12.060,0.000,86.660
32.467,-0.0180,1.3283,0.0000,1.3283,0.0180,0.180,0.099,12.080,0.000,87.770
32.524,-0.0179,1.3206,0.0000,1.3206,0.0179,0.180,0.092,12.040,0.000,85.550
32.574,-0.0178,1.3131,0.0000,1.3131,0.0178,0.180,0.083,12.060,0.000,86.660
32.619,-0.0177,1.3015,0.0000,1.3015,0.0177,0.180,0.077,12.040,0.000,85.550
32.683,-0.0175,1.2939,0.0000,1.2939,0.0175,0.180,0.068,12.060,0.000,86.660
32.719,-0.0172,1.2824,0.0000,1.2824,0.0172,0.180,0.061,12.060,0.000,86.660
32.769,-0.0170,1.2749,0.0000,1.2749,0.0170,0.180,0.055,12.060,0.000,86.660
32.828,-0.0168,1.2673,0.0000,1.2673,0.0168,0.180,0.048,12.040,0.000,85.550
32.877,-0.0164,1.2559,0.0000,1.2559,0.0164,0.180,0.041,12.040,0.000,85.550
32.915,-0.0161,1.2482,0.0000,1.2482,0.0161,0.180,0.041,12.040,0.000,85.550
32.977,-0.0157,1.2406,0.0000,1.2406,0.0157,0.180,0.029,12.060,0.000,86.660
33.019,-0.0152,1.2289,0.0000,1.2289,0.0152,0.180,0.024,12.040,0.000,85.550
33.066,-0.0149,1.2211,0.0000,1.2211,0.0149,0.180,0.024,12.040,0.000,85.550
33.125,-0.0145,1.2136,0.0000,1.2136,0.0145,0.180,0.016,12.020,0.000,84.440
33.169,-0.0140,1.2019,0.0000,1.2019,0.0140,0.180,0.011,12.060,0.000,86.660
33.217,-0.0136,1.1939,0.0000,1.1939,0.0136,0.180,0.009,12.040,0.000,85.550
33.277,-0.0132,1.1865,0.0000,1.1865,0.0132,0.180,0.008,12.040,0.000,85.550
33.317,-0.0127,1.1750,0.0000,1.1750,0.0127,0.180,0.005,12.040,0.000,85.550
33.378,-0.0123,1.1672,0.0000,1.1672,0.0123,0.180,0.003,12.040,0.000,85.550
33.423,-0.0120,1.1595,0.0000,1.1595,0.0120,0.180,0.002,12.040,0.000,85.550
33.478,-0.0114,1.1482,0.0000,1.1482,0.0114,0.180,-0.001,12.060,0.000,86.660
33.522,-0.0111,1.1404,0.0000,1.1404,0.0111,0.180,-0.003,12.060,0.000,86.660
33.574,-0.0107,1.1326,0.0000,1.1326,0.0107,0.180,-0.005,12.040,0.000,85.550
33.618,-0.0102,1.1214,0.0000,1.1214,0.0102,0.180,-0.007,12.040,0.000,85.550
33.678,-0.0098,1.1137,0.0000,1.1137,0.0098,0.180,-0.009,12.060,0.000,86.660
33.723,-0.0095,1.1059,0.0000,1.1059,0.0095,0.180,-0.011,12.040,0.000,85.550
33.771,-0.0090,1.0945,0.0000,1.0945,0.0090,0.180,-0.012,12.020,0.000,84.440
33.844,-0.0086,1.0870,0.0000,1.0870,0.0086,0.180,-0.012,12.040,0.000,85.550
33.876,-0.0083,1.0791,0.0000,1.0791,0.0083,0.180,-0.016,12.040,0.000,85.550
33.917,-0.0078,1.0678,0.0000,1.0678,0.0078,0.180,-0.018,12.040,0.000,85.550
33.977,-0.0075,1.0603,0.0000,1.0603,0.0075,0.180,-0.020,12.040,0.000,85.550
34.021,-0.0071,1.0525,0.0000,1.0525,0.0071,0.180,-0.022,12.060,0.000,86.660
34.073,-0.0066,1.0411,0.0000,1.0411,0.0066,0.180,-0.026,12.040,0.000,85.550
34.127,-0.0063,1.0337,0.0000,1.0337,0.0063,0.180,-0.027,12.040,0.000,85.550
34.171,-0.0058,1.0219,0.0000,1.0219,0.0058,0.180,-0.030,12.060,0.000,86.660
34.219,-0.0054,1.0140,0.0000,1.0140,0.0054,0.180,-0.031,12.040,0.000,85.550
34.280,-0.0051,1.0066,0.0000,1.0066,0.0051,0.180,-0.029,12.040,0.000,85.550
34.320,-0.0046,0.9949,0.0000,0.9949,0.0046,0.180,-0.029,12.060,0.000,86.660
34.380,-0.0043,0.9869,0.0000,0.9869,0.0043,0.180,-0.029,12.020,0.000,84.440
34.426,-0.0041,0.9793,0.0000,0.9793,0.0041,0.180,-0.027,12.040,0.000,85.550
34.483,-0.0037,0.9678,0.0000,0.9678,0.0037,0.180,-0.025,12.040,0.000,85.550
34.517,-0.0034,0.9601,0.0000,0.9601,0.0034,0.180,-0.024,12.060,0.000,86.660
34.580,-0.0032,0.9524,0.0000,0.9524,0.0032,0.180,-0.022,12.040,0.000,85.550
34.621,-0.0029,0.9410,0.0000,0.9410,0.0029,0.180,-0.021,12.040,0.000,85.550
34.670,-0.0027,0.9333,0.0000,0.9333,0.0027,0.180,-0.021,12.040,0.000,85.550
34.726,-0.0025,0.9256,0.0000,0.9256,0.0025,0.180,-0.019,12.040,0.000,85.550
34.772,-0.0023,0.9141,0.0000,0.9141,0.0023,0.180,-0.018,12.040,0.000,85.550
34.818,-0.0021,0.9064,0.0000,0.9064,0.0021,0.180,-0.017,12.060,0.000,86.660
34.878,-0.0020,0.8987,0.0000,0.8987,0.0020,0.180,-0.016,12.080,0.000,87.770
34.919,-0.0017,0.8872,0.0000,0.8872,0.0017,0.180,-0.017,12.060,0.000,86.660
34.979,-0.0016,0.8796,0.0000,0.8796,0.0016,0.180,-0.016,12.060,0.000,86.660
35.029,-0.0015,0.8719,0.0000,0.8719,0.0015,0.180,-0.016,12.060,0.000,86.660
35.083,-0.0013,0.8605,0.0000,0.8605,0.0013,0.180,-0.017,12.060,0.000,86.660
35.116,-0.0011,0.8530,0.0000,0.8530,0.0011,0.180,-0.017,12.060,0.000,86.660
35.179,-0.0010,0.8453,0.0000,0.8453,0.0010,0.180,-0.018,12.060,0.000,86.660
35.219,-0.0008,0.8339,0.0000,0.8339,0.0008,0.180,-0.019,12.060,0.000,86.660
35.278,-0.0007,0.8262,0.0000,0.8262,0.0007,0.180,-0.020,12.040,0.000,85.550
35.322,-0.0006,0.8185,0.0000,0.8185,0.0006,0.180,-0.020,12.060,0.000,86.660
35.368,-0.0004,0.8069,0.0000,0.8069,0.0004,0.180,-0.021,12.040,0.000,85.550
35.427,-0.0003,0.7991,0.0000,0.7991,0.0003,0.180,-0.021,12.020,0.000,84.440
35.473,-0.0001,0.7912,0.0000,0.7912,0.0001,0.180,-0.019,12.040,0.000,85.550
35.520,0.0000,0.7796,0.0000,0.7796,0.0000,0.180,-0.018,12.060,0.000,86.660
35.577,0.0001,0.7719,0.0000,0.7719,0.0001,0.180,-0.017,12.040,0.000,85.550
35.621,0.0002,0.7641,0.0000,0.7641,0.0002,0.180,-0.014,12.040,0.000,85.550
35.671,0.0003,0.7527,0.0000,0.7527,0.0003,0.180,-0.013,12.060,0.000,86.660
35.722,0.0003,0.7450,0.0000,0.7450,0.0003,0.180,-0.012,12.080,0.000,87.770
35.774,0.0004,0.7374,0.0000,0.7374,0.0004,0.180,-0.010,12.060,0.000,86.660
35.817,0.0004,0.7260,0.0000,0.7260,0.0004,0.180,-0.010,12.040,0.000,85.550
35.875,0.0005,0.7182,0.0000,0.7182,0.0005,0.180,-0.010,12.060,0.000,86.660
35.921,0.0005,0.7106,0.0000,0.7106,0.0005,0.180,-0.008,12.060,0.000,86.660
35.970,0.0005,0.6990,0.0000,0.6990,0.0005,0.180,-0.008,12.060,0.000,86.660
36.030,0.0006,0.6914,0.0000,0.6914,0.0006,0.180,-0.008,12.060,0.000,86.660
36.072,0.0006,0.6799,0.0000,0.6799,0.0006,0.180,-0.009,12.060,0.000,86.660
36.118,0.0006,0.6722,0.0000,0.6722,0.0006,0.180,-0.009,12.060,0.000,86.660
36.208,0.0007,0.6647,0.0000,0.6647,0.0007,0.180,-0.009,12.080,0.000,87.770
36.240,0.0007,0.6533,0.0000,0.6533,0.0007,0.180,-0.011,12.060,0.000,86.660
36.284,0.0008,0.6456,0.0000,0.6456,0.0008,0.180,-0.012,12.060,0.000,86.660
36.329,0.0008,0.6381,0.0000,0.6381,0.0008,0.180,-0.013,12.060,0.000,86.660
36.378,0.0009,0.6266,0.0000,0.6266,0.0009,0.180,-0.014,12.060,0.000,86.660
36.441,0.0009,0.6189,0.0000,0.6189,0.0009,0.180,-0.014,12.060,0.000,86.660
36.484,0.0010,0.6113,0.0000,0.6113,0.0010,0.180,-0.015,12.060,0.000,86.660
36.520,0.0010,0.5996,0.0000,0.5996,0.0010,0.180,-0.015,12.060,0.000,86.660
36.618,0.0011,0.5917,0.0000,0.5917,0.0011,0.180,-0.014,12.040,0.000,85.550
36.634,0.0011,0.5840,0.0000,0.5840,0.0011,0.180,-0.014,12.040,0.000,85.550
36.689,0.0012,0.5724,0.0000,0.5724,0.0012,0.180,-0.013,12.060,0.000,86.660
36.726,0.0012,0.5646,0.0000,0.5646,0.0012,0.180,-0.012,12.060,0.000,86.660
36.778,0.0012,0.5569,0.0000,0.5569,0.0012,0.180,-0.010,12.040,0.000,85.550
36.816,0.0013,0.5459,0.0000,0.5459,0.0013,0.180,-0.010,12.060,0.000,86.660
36.876,0.0013,0.5381,0.0000,0.5381,0.0013,0.180,-0.007,12.060,0.000,86.660
36.925,0.0013,0.5304,0.0000,0.5304,0.0013,0.180,-0.006,12.040,0.000,85.550
36.969,0.0013,0.5191,0.0000,0.5191,0.0013,0.180,-0.007,12.040,0.000,85.550
37.018,0.0013,0.5115,0.0000,0.5115,0.0013,0.180,-0.007,12.060,0.000,86.660
37.077,0.0013,0.5037,0.0000,0.5037,0.0013,0.180,-0.007,12.060,0.000,86.660
37.117,0.0012,0.4922,0.0000,0.4922,0.0012,0.180,-0.007,12.040,0.000,85.550
37.179,0.0012,0.4846,0.0000,0.4846,0.0012,0.180,-0.007,12.080,0.000,87.770
37.223,0.0012,0.4730,0.0000,0.4730,0.0012,0.180,-0.006,12.080,0.000,87.770
37.269,0.0012,0.4654,0.0000,0.4654,0.0012,0.180,-0.006,12.060,0.000,86.660
37.327,0.0012,0.4579,0.0000,0.4579,0.0012,0.180,-0.007,12.060,0.000,86.660
37.372,0.0012,0.4464,0.0000,0.4464,0.0012,0.180,-0.008,12.040,0.000,85.550
37.413,0.0012,0.4388,0.0000,0.4388,0.0012,0.180,-0.008,12.060,0.000,86.660
37.478,0.0012,0.4313,0.0000,0.4313,0.0012,0.180,-0.009,12.060,0.000,86.660
37.519,0.0013,0.4198,0.0000,0.4198,0.0013,0.180,-0.010,12.060,0.000,86.660
37.569,0.0013,0.4120,0.0000,0.4120,0.0013,0.180,-0.011,12.060,0.000,86.660
37.646,0.0013,0.4046,0.0000,0.4046,0.0013,0.180,-0.011,12.040,0.000,85.550
37.685,0.0013,0.3928,0.0000,0.3928,0.0013,0.180,-0.013,12.060,0.000,86.660
37.718,0.0014,0.3850,0.0000,0.3850,0.0014,0.180,-0.013,12.040,0.000,85.550
37.775,0.0014,0.3773,0.0000,0.3773,0.0014,0.180,-0.010,12.040,0.000,85.550
37.817,0.0014,0.3656,0.0000,0.3656,0.0014,0.180,-0.008,12.060,0.000,86.660
37.877,0.0014,0.3578,0.0000,0.3578,0.0014,0.180,-0.006,12.060,0.000,86.660
37.925,0.0014,0.3502,0.0000,0.3502,0.0014,0.180,-0.003,12.040,0.000,85.550
37.981,0.0013,0.3387,0.0000,0.3387,0.0013,0.180,-0.002,12.060,0.000,86.660
38.016,0.0013,0.3309,0.0000,0.3309,0.0013,0.180,-0.002,12.060,0.000,86.660
38.078,0.0013,0.3233,0.0000,0.3233,0.0013,0.180,0.002,12.060,0.000,86.660
38.120,0.0012,0.3120,0.0000,0.3120,0.0012,0.180,0.004,12.060,0.000,86.660
38.177,0.0011,0.3042,0.0000,0.3042,0.0011,0.180,0.004,12.060,0.000,86.660
38.228,0.0011,0.2965,0.0000,0.2965,0.0011,0.180,0.006,12.040,0.000,85.550
38.270,0.0010,0.2850,0.0000,0.2850,0.0010,0.180,0.007,12.040,0.000,85.550
38.318,0.0009,0.2774,0.0000,0.2774,0.0009,0.180,0.008,12.040,0.000,85.550
38.375,0.0008,0.2695,0.0000,0.2695,0.0008,0.180,0.010,12.060,0.000,86.660
38.415,0.0007,0.2582,0.0000,0.2582,0.0007,0.180,0.010,12.040,0.000,85.550
38.477,0.0006,0.2506,0.0000,0.2506,0.0006,0.180,0.012,12.060,0.000,86.660
38.520,0.0005,0.2429,0.0000,0.2429,0.0005,0.180,0.012,12.060,0.000,86.660
38.565,0.0004,0.2315,0.0000,0.2315,0.0004,0.180,0.012,12.060,0.000,86.660
38.617,0.0004,0.2241,0.0000,0.2241,0.0004,0.180,0.011,12.060,0.000,86.660
38.671,0.0003,0.2163,0.0000,0.2163,0.0003,0.180,0.010,12.060,0.000,86.660
38.716,0.0002,0.2047,0.0000,0.2047,0.0002,0.180,0.010,12.060,0.000,86.660
38.777,0.0002,0.1972,0.0000,0.1972,0.0002,0.180,0.007,12.040,0.000,85.550
38.818,0.0001,0.1859,0.0000,0.1859,0.0001,0.180,0.007,12.060,0.000,86.660
38.876,0.0001,0.1781,0.0000,0.1781,0.0001,0.180,0.008,12.060,0.000,86.660
38.922,0.0001,0.1704,0.0000,0.1704,0.0001,0.180,0.010,12.040,0.000,85.550
38.971,-0.0000,0.1591,0.0000,0.1591,0.0000,0.180,0.013,12.040,0.000,85.550
39.027,-0.0000,0.1518,0.0000,0.1518,0.0000,0.180,0.016,12.060,0.000,86.660
39.070,-0.0001,0.1401,0.0000,0.1401,0.0001,0.180,0.020,12.040,0.000,85.550
39.114,-0.0002,0.1326,0.0000,0.1326,0.0002,0.180,0.020,12.040,0.000,85.550
39.177,-0.0002,0.1248,0.0000,0.1248,0.0002,0.180,0.024,12.040,0.000,85.550
39.219,-0.0003,0.1133,0.0000,0.1133,0.0003,0.180,0.030,12.040,0.000,85.550
39.269,-0.0004,0.1059,0.0000,0.1059,0.0004,0.180,0.032,12.040,0.000,85.550
39.326,-0.0004,0.0980,0.0000,0.0980,0.0004,0.180,0.033,12.040,0.000,85.550
39.370,-0.0004,0.0866,0.0000,0.0866,0.0004,0.180,0.039,12.040,0.000,85.550
39.419,-0.0005,0.0790,0.0000,0.0790,0.0005,0.180,0.042,12.040,0.000,85.550
39.476,-0.0005,0.0716,0.0000,0.0716,0.0005,0.180,0.041,12.060,0.000,86.660
39.520,-0.0005,0.0601,0.0000,0.0601,0.0005,0.180,0.052,12.040,0.000,85.550
39.575,-0.0005,0.0526,0.0000,0.0526,0.0005,0.180,0.059,12.060,0.000,86.660
39.621,-0.0005,0.0449,0.0000,0.0449,0.0005,0.180,0.059,12.060,0.000,86.660
